id,acceleration_x,acceleration_y,acceleration_z,angular_velocity_x,angular_velocity_y,angular_velocity_z,humidity,pressure,received_timestamp,temperature,timestamp
-OLrodMImiTiiZmL9G7P,1.07,-0.73,-10.93,-0.02,0,-0.05,53.78,101134.09,2025-03-21T15:29:46.005379,32.36,2025-03-21 15:29:45
-OLroeXbtM6F-VvJ7v15,1.07,-0.73,-10.88,-0.02,0,-0.05,53.74,101131.98,2025-03-21T15:29:51.022701,32.36,2025-03-21 15:29:50
-OLrofjLJ3mz8vN0_e4m,1.03,-0.77,-10.89,-0.02,0,-0.05,53.94,101131.59,2025-03-21T15:29:55.924605,32.29,2025-03-21 15:29:55
-OLrogxtU3sqJ3LG2amD,1,-0.7,-10.95,-0.02,0,-0.05,54.09,101131.58,2025-03-21T15:30:00.957435,32.25,2025-03-21 15:30:00
-OLroiBbyAk5V_Z-8MKa,1.08,-0.63,-10.89,-0.02,0,-0.05,54.19,101134.03,2025-03-21T15:30:05.981523,32.23,2025-03-21 15:30:05
-OLrojPXHa2IrkY7W-jH,1.04,-0.75,-10.93,-0.02,0,-0.05,54.28,101136.91,2025-03-21T15:30:10.990789,32.22,2025-03-21 15:30:10
-OLrokd8jZG2YL7vSP-u,1.1,-0.69,-10.96,-0.03,0,-0.05,54.36,101135.2,2025-03-21T15:30:16.008630,32.18,2025-03-21 15:30:15
-OLrolrO14KJZKcB5Ct-,0.98,-0.62,-10.87,-0.02,-0.02,-0.05,54.42,101133.61,2025-03-21T15:30:21.027244,32.07,2025-03-21 15:30:20
-OLronAlHWI0DgV-VSIa,1.08,-0.76,-10.95,-0.02,0,-0.05,54.5,101133.72,2025-03-21T15:30:26.051042,31.96,2025-03-21 15:30:25
-OLrooJBFoCOikQFYwKg,0.99,-0.71,-10.91,-0.02,0,-0.05,54.73,101135.23,2025-03-21T15:30:31.073122,31.92,2025-03-21 15:30:30
-OLropVxwt6OV87jc9TI,1.06,-0.7,-10.96,-0.02,0,-0.05,54.96,101132.12,2025-03-21T15:30:35.992719,32.03,2025-03-21 15:30:35
-OLroql3YPtpbkuanaM0,1.03,-0.75,-10.88,-0.02,0,-0.05,55.15,101135.8,2025-03-21T15:30:41.114343,32.11,2025-03-21 15:30:40
-OLrorxlRwDKZIJnsrON,0.98,-0.76,-10.81,-0.02,0.01,-0.05,55.27,101133.48,2025-03-21T15:30:46.030525,32.09,2025-03-21 15:30:45
-OLrotBAgFulxR6DimiP,1.06,-0.65,-10.9,-0.02,0,-0.05,55.28,101136.64,2025-03-21T15:30:51.048849,32.12,2025-03-21 15:30:50
-OLrp-hhl2DiJ9nj9E1r,1.03,-0.73,-10.81,-0.02,0,-0.05,55.47,101130.92,2025-03-21T15:31:21.876256,32.34,2025-03-21 15:31:21
-OLrp0udZ2zePV_uObAx,1.13,-0.68,-10.98,-0.02,0,-0.05,55.46,101130.06,2025-03-21T15:31:26.791645,32.29,2025-03-21 15:31:26
-OLrpEUzobPoaWuC1wFp,-1.56,4.45,6.59,0.16,-0.36,-0.22,56.72,101135.46,2025-03-21T15:32:22.088810,32.85,2025-03-21 15:32:21
-OLrpFd2WhqbguPFGHeH,-1.81,4.97,7.2,-0.02,-0.05,-0.07,56.84,101136.33,2025-03-21T15:32:27.106394,33,2025-03-21 15:32:26
-OLrpGrSktX4OlxiDhTf,-1.66,5.37,6.93,0,-0.05,-0.04,56.96,101134.06,2025-03-21T15:32:32.123621,33.05,2025-03-21 15:32:31
-OLrpI4rkIB6Jv3UKaf4,-2.07,5.22,7.51,0.04,0.12,0.04,56.9,101130.52,2025-03-21T15:32:37.141386,33.11,2025-03-21 15:32:36
-OLrpLx5but-XI3A8Ztc,0.27,3.69,9.05,-0.59,-0.97,-0.79,56.78,101134.36,2025-03-21T15:32:52.706587,32.69,2025-03-21 15:32:52
-OLrpN5mk-V1Q-USCYDg,3.49,-1.13,9.64,0.37,-0.17,-0.57,56.79,101134.98,2025-03-21T15:32:57.519346,32.51,2025-03-21 15:32:57
-OLrpOHf03SJlWH5NPMb,3.29,-0.11,8.4,-0.04,0,-0.1,56.79,101137.28,2025-03-21T15:33:02.538397,32.62,2025-03-21 15:33:02
-OLrpPVxbGdyInaWmDl5,-1.89,7.85,0.76,-4.37,-1.19,-2.21,56.88,101130.88,2025-03-21T15:33:07.554093,32.36,2025-03-21 15:33:07
-OLrpQjXbebQzttRaTpE,-3.1,5.81,-7.41,1.75,4.37,1.31,57.08,101131.25,2025-03-21T15:33:12.572557,32.27,2025-03-21 15:33:12
-OLrpRxuOEvavRpzPyof,-0.63,4.26,-9.63,-0.28,0.33,-0.04,57.24,101129.77,2025-03-21T15:33:17.589995,32.23,2025-03-21 15:33:17
-OLrpTBAFmdsH4zmlpkI,-0.6,2.74,-9.95,0.41,1.62,-0.13,57.21,101127.75,2025-03-21T15:33:22.607773,32.27,2025-03-21 15:33:22
-OMAv_s4EGFMWHFVsMAq,6.66,5.57,-8.11,1.4,1.36,0.53,66.44,100442.08,2025-03-25T13:12:29.803347,36.04,2025-03-25 13:12:29
-OMAvaieNMblG_JPs2Nm,5.31,4.65,-7.82,-0.02,0.08,0.12,66.77,100441.11,2025-03-25T13:12:34.436343,35.97,2025-03-25 13:12:34
-OMAvbxbiUSeNOhmReEX,9.8,3.12,-1.24,-0.01,0.02,-0.08,65.56,100440.27,2025-03-25T13:12:39.509539,35.84,2025-03-25 13:12:39
-OMAvdCIrREpb52pJORk,-3.11,-2.82,7.67,0.18,0.16,-0.31,62.33,100440.17,2025-03-25T13:12:44.602450,36.1,2025-03-25 13:12:44
-OMAveOk96nIo6zOyJ5c,-1.42,-4.47,7.47,0.17,0.1,-0.08,62.01,100430.78,2025-03-25T13:12:49.464044,36.06,2025-03-25 13:12:49
-OMAvfbT35iJLrvB2nQB,-1.05,-4.2,7.89,-0.08,0.02,-0.02,61.94,100437.95,2025-03-25T13:12:54.484585,36.03,2025-03-25 13:12:54
-OMAvgqKqN9rilVZz-Sb,-1.26,-4.21,7.67,0.03,-0.3,-0.11,61.76,100437.3,2025-03-25T13:12:59.508238,36.01,2025-03-25 13:12:59
-OMAvi5nYrcoVHrm6Uxk,-0.84,-4.27,7.79,-0.24,0.37,-0.11,61.83,100436.76,2025-03-25T13:13:04.516085,36.04,2025-03-25 13:13:04
-OMAvjGDAFqzO0wNIEDY,-1.47,-4.23,7.58,0.04,0.17,-0.09,61.83,100433.23,2025-03-25T13:13:09.440314,36.12,2025-03-25 13:13:09
-OMAvkVc7GE7eFy2vxK3,-1.53,-4.24,8.14,-0.08,0.23,-0.04,61.83,100437.36,2025-03-25T13:13:14.503669,36.1,2025-03-25 13:13:14
-OMAvlhrpKWfi78MlcFr,-0.72,-4.09,7.08,0.46,-0.67,-0.15,61.79,100435.53,2025-03-25T13:13:19.464884,36.19,2025-03-25 13:13:19
-OMAvmwDlcGc23IL9JzA,-1.08,-4.72,7.1,0.42,0.33,-0.23,61.82,100435.81,2025-03-25T13:13:24.446759,36.21,2025-03-25 13:13:24
-OMAvo99-9uouNaOFWuc,-1.28,-4.3,7.77,-0.08,-0.09,-0.02,61.52,100437.2,2025-03-25T13:13:29.454975,36.26,2025-03-25 13:13:29
-OMAvpOJOO_Ilvyoslpl,-1.56,-4.19,7.73,-0.01,0.42,-0.17,61.4,100436.28,2025-03-25T13:13:34.491294,36.25,2025-03-25 13:13:34
-OMAvqb0yq8B-I7LRHyZ,-1.98,-4.6,7.36,-0.22,-0.54,0.09,61.29,100435.69,2025-03-25T13:13:39.503365,36.23,2025-03-25 13:13:39
-OMAvrp3xpYcXfz5_ygg,-2.7,-3.46,7.6,0.16,-0.11,-0.16,61.23,100435.5,2025-03-25T13:13:44.490968,36.21,2025-03-25 13:13:44
-OMAvt29uQDTqoJ-hGKM,-2.96,-3.87,7.81,-0.12,-0.06,-0.05,61.12,100437.36,2025-03-25T13:13:49.506860,36.25,2025-03-25 13:13:49
-OMAvuHuHGo5NP5ZaGWP,-2.06,-4.09,7.72,-0.06,0.11,-0.08,61.57,100435.12,2025-03-25T13:13:54.604454,36.25,2025-03-25 13:13:54
-OMAvvWf0PzDCq9oqYKn,-2.88,-4.21,7.24,-0.06,-0.01,-0.05,62.04,100433.59,2025-03-25T13:13:59.609104,36.3,2025-03-25 13:13:59
-OMAvwkBWmOyUmG4U8uP,-2.43,-3.96,7.55,-0.02,-0.12,-0.07,61.93,100436.91,2025-03-25T13:14:04.623838,36.3,2025-03-25 13:14:04
-OMO27LXmpCE6X2KaxCa,2.87,-0.39,-10.87,-0.03,0.03,-0.05,76.69,100322.13,2025-03-27T19:20:31.307921,30.9,2025-03-28 02:20:30
-OMO28UcpeI8DXKbkW8Q,8.74,-1.41,-6.39,-0.01,0,-0.03,75.85,100323.69,2025-03-27T19:20:36.038070,30.87,2025-03-28 02:20:35
-OMO29i2H8XV3VziHTph,8.31,-1.43,-7.01,-0.02,0,-0.03,75.13,100323.38,2025-03-27T19:20:41.046675,30.92,2025-03-28 02:20:40
-OMO2Aw59ViNnvxoouj7,-3.24,5.4,5.31,0.6,-1,-0.23,74.52,100318.58,2025-03-27T19:20:46.051800,30.99,2025-03-28 02:20:45
-OMO2C9BFGBCcDyYdsTw,4.83,5.8,-2.21,-2.46,0.03,2.93,73.97,100316.92,2025-03-27T19:20:51.057751,31.05,2025-03-28 02:20:50
-OMO2DN_9RjIxGYpQAbw,-1.31,5.18,-9.23,-0.02,-0.01,-0.04,73.47,100316.98,2025-03-27T19:20:56.065820,31.23,2025-03-28 02:20:55
-OMO2EasG_F3IGcRK4g4,3.99,5.6,-8.04,0.08,-0.11,-0.08,72.95,100319.02,2025-03-27T19:21:01.078955,31.34,2025-03-28 02:21:00
-OMO2FozmEOVYD_XH9hz,5.83,1.6,-11.23,1.04,0.79,0.19,72.53,100318.56,2025-03-27T19:21:06.085174,31.4,2025-03-28 02:21:05
-OMO2H2MkYO4GFUTE7s6,-5.52,3.98,-8.06,-0.79,0.28,-0.37,72.12,100312.07,2025-03-27T19:21:11.093253,31.45,2025-03-28 02:21:10
-OMQMxyOKgkCNHHhPIBy,3.89,8.91,4.53,-0.05,0.34,0.36,43.82,101134.83,2025-03-28T06:10:48.190866,38.09,2025-03-28 13:10:47
-OMQMz76IPicWQ0bbobM,4.24,8.92,2.78,0.02,-0.15,-0.06,40.9,100588.05,2025-03-28T06:10:53.005826,37.87,2025-03-28 13:10:52
-OMQN-KwWHWEFJYgwOc6,5.19,7.24,7.71,0.28,-0.9,0.72,32.11,100773.22,2025-03-28T06:10:57.993851,38.03,2025-03-28 13:10:57
-OMQN0afnEu3o1SQr9ao,0.09,8.62,-4.22,0.43,-0.55,0.32,33.39,100661.22,2025-03-28T06:11:02.997858,38.85,2025-03-28 13:11:02
-OMQN1mp9LWrL515FZJh,-0.39,9.41,-4.41,-0.25,0.96,-0.08,35.03,100677.24,2025-03-28T06:11:08.027196,39.44,2025-03-28 13:11:07
-OMQN3-pADFdU5Q10H58,-2.13,7.95,-5.04,0.05,-0.04,0.08,35.47,100676.12,2025-03-28T06:11:13.016981,39.96,2025-03-28 13:11:12
-OMQN4DmqkhfcIgoC0vu,-6.53,8.14,-5.09,-0.14,0.15,-0.12,32.51,100680.05,2025-03-28T06:11:18.013885,40.18,2025-03-28 13:11:17
-OMQN5RovtGveNBKvOTx,-3.63,7.88,-5.02,-0.12,0.02,0.23,32.8,100647.78,2025-03-28T06:11:23.001002,40.62,2025-03-28 13:11:22
-OMQN6fcYxqiHCaIrrxu,-3.15,8.13,-3.54,0.08,-0.1,-0.18,32.88,100666.72,2025-03-28T06:11:28.040973,40.91,2025-03-28 13:11:27
-OMQN7tjQLKBEmcOyP_A,-4.54,9.74,-1.9,-0.24,0.24,0.3,34.55,100636.82,2025-03-28T06:11:33.040838,41.39,2025-03-28 13:11:32
-OMQN97e9yfVnmjCbUG2,-2.26,9.04,-3.96,-0.19,0.02,0.47,32.2,100629.86,2025-03-28T06:11:38.081725,41.44,2025-03-28 13:11:37
-OMQNALnQ251-0ScJd9R,-2.48,9.39,-2.74,0.05,-0.19,-0.16,31.98,100659.36,2025-03-28T06:11:43.073806,41.37,2025-03-28 13:11:42
-OMQNBZZL8qq-mYoiqXp,3.12,9.97,0.25,-0.52,0.12,0.12,29.96,100670.8,2025-03-28T06:11:48.073892,41.75,2025-03-28 13:11:47
-OMQNCmhh-4mcDOx4tJk,-6.84,3.81,-2.45,0.02,-0.43,-0.49,23.77,100717.09,2025-03-28T06:11:53.064724,41.75,2025-03-28 13:11:52
-OMQNE0JbCAk1iw2fiBa,4.25,6.98,4.11,-0.14,-0.35,0,-10.25,101562.09,2025-03-28T06:11:58.112779,41.92,2025-03-28 13:11:57
-OMQNFESaSpdTOE-XR1l,8.37,-1.03,-9.49,0.09,-0.26,-0.16,37.8,100596.59,2025-03-28T06:12:03.104824,41.3,2025-03-28 13:12:02
-OMQNGSZhSBkIk5yx7p8,-2.33,9.98,-0.09,1.11,0.82,-0.11,37.14,100611.94,2025-03-28T06:12:08.104938,41.41,2025-03-28 13:12:07
-OMQNHfeG2clrPXgYlGq,-0.13,10.06,-2.35,-0.02,-0.16,0.3,18.26,100686.45,2025-03-28T06:12:13.102306,40.82,2025-03-28 13:12:12
-OMQNItcNndpbO_GUZ92,0.83,10.33,-5.18,-0.19,-0.01,-0.03,23.22,100644.19,2025-03-28T06:12:18.091658,40.17,2025-03-28 13:12:17
-OMQNK7MzNUyUF2S-q1q,-0.31,9.81,-3.83,0.19,-0.2,-0.09,29.71,100611.92,2025-03-28T06:12:23.131718,40.99,2025-03-28 13:12:22
-OMQNLLNqzBtEGQRl_sH,-0.81,9.73,-3.94,-0.12,-0.23,-0.04,41.16,100581.83,2025-03-28T06:12:28.131613,41.11,2025-03-28 13:12:27
-OMQNMZDq_BApXpKAKZ8,-2.81,6.45,-1.01,-0.17,0.22,-0.18,32.47,100608.22,2025-03-28T06:12:33.111703,39.87,2025-03-28 13:12:32
-OMQNNnGJnhNG0MiJZsy,-1.25,8.98,-3.46,0.15,-0.29,0.2,35.87,100667.69,2025-03-28T06:12:38.139774,40.88,2025-03-28 13:12:37
-OMQNP04YNfztM-QEJDu,-0.44,9.58,-2.42,0.06,-0.35,-0.84,35.46,100659.16,2025-03-28T06:12:43.147543,41.1,2025-03-28 13:12:42
-OMQNQEFn8BLbTNYV3Oz,0.52,9.33,-1.37,0.03,-0.12,-0.14,26.65,100671.48,2025-03-28T06:12:48.148808,41.35,2025-03-28 13:12:47
-OMQNRSSo-XQB18Yz0wP,2.46,10.25,-1.47,-0.46,0.23,0.2,27.71,100610.3,2025-03-28T06:12:53.144979,41.41,2025-03-28 13:12:52
-OMQNSfMKaKGJh6KdhcO,-2.55,11.79,0.3,1.41,-2.02,-0.56,29.61,100655.06,2025-03-28T06:12:58.148826,41.86,2025-03-28 13:12:57
-OMQNTtg1m4TEA2s85YO,1.33,8.61,-1.71,0.38,1.14,-0.49,26.94,100656.61,2025-03-28T06:13:03.156878,41.93,2025-03-28 13:13:02
-OMQNV6n_Pr5S184bgNM,2.6,8.91,-0.84,0.18,-0.39,-0.45,23.46,100651.08,2025-03-28T06:13:08.157346,41.92,2025-03-28 13:13:07
-OMQNWLPFM_RAbTy6m97,2.51,10.21,-1.93,-0.64,0.28,0.41,25.58,100656.41,2025-03-28T06:13:13.188964,42.1,2025-03-28 13:13:12
-OMQNXZX02viXsTws2rL,3.95,8.39,-0.06,-0.22,0.13,0.14,27.06,100638.06,2025-03-28T06:13:18.185687,42.24,2025-03-28 13:13:17
-OMQNYnBwqKHDZ-DnpTS,3.75,7.64,1.75,-0.22,0.15,0.14,36.29,100613.41,2025-03-28T06:13:23.216016,42.57,2025-03-28 13:13:22
-OMQN_-tLbVkhjnUZhFI,3.44,7.13,0.77,0.79,0.49,-0.96,21.62,100651.12,2025-03-28T06:13:28.190433,42.77,2025-03-28 13:13:27
-OMQNaEYfxnC9To4PhoR,2.63,11.24,-1.19,0.34,0.95,-0.09,22.85,100642.73,2025-03-28T06:13:33.227371,42.83,2025-03-28 13:13:32
-OMQNbSaaIjIPELh_F91,2.88,9.48,-0.67,-0.01,0.05,-0.32,22.16,100639.02,2025-03-28T06:13:38.220605,42.86,2025-03-28 13:13:37
-OMQNcg6rUHjm4zrUqCP,3.39,10.42,-1.14,0.06,-0.04,-0.23,19.79,100639.99,2025-03-28T06:13:43.251058,42.83,2025-03-28 13:13:42
-OMQNduEmeVWHyPLNVuM,1.8,10.57,-2.25,0.1,0.23,0,23.6,100659.48,2025-03-28T06:13:48.238976,42.92,2025-03-28 13:13:47
-OMQNf7Q0awXT0KwYBsA,2.68,8.93,-0.65,-0.09,-0.08,0.01,20.58,100654.38,2025-03-28T06:13:53.258886,43.03,2025-03-28 13:13:53
-OMQNgLkSDHj4sGpAGM4,1.64,10.5,-1.57,-0.11,0.27,0.01,17.32,100667.75,2025-03-28T06:13:58.260494,42.72,2025-03-28 13:13:58
-OMQNh_M7PYqXOTRoNci,2.53,9.43,-0.29,-0.23,-0.1,-0.09,17.43,100683.64,2025-03-28T06:14:03.291660,43.08,2025-03-28 13:14:03
-OMQNimykLml3w0zqErW,2.11,8.25,1.09,0.17,-0.15,-0.8,17.89,100683.85,2025-03-28T06:14:08.255769,43.7,2025-03-28 13:14:08
-OMQNk0LfpyT51SS_kVD,3.68,8.54,1.33,0.13,-0.18,-0.15,17.04,100680.88,2025-03-28T06:14:13.269756,43.54,2025-03-28 13:14:13
-OMQNlEbLMP5HNNx3u6F,2.51,9.4,0.49,-0.29,0.22,0.33,13.41,100670.49,2025-03-28T06:14:18.289034,43.63,2025-03-28 13:14:18
-OMQNmT2LXc5r_T9YSgL,0.8,9.79,0.97,-0.05,-0.1,-0.16,21.15,100650.24,2025-03-28T06:14:23.308286,43.32,2025-03-28 13:14:23
-OMQNngZELzHNgTtk4-s,2.79,8.72,1.99,0.17,-0.25,-0.17,20.18,100651.63,2025-03-28T06:14:28.325508,43.19,2025-03-28 13:14:28
-OMQNouQuC6cxUIDw1kP,2.67,9.42,1.07,-0.25,-0.85,0.55,34.86,100612.42,2025-03-28T06:14:33.316357,43.16,2025-03-28 13:14:33
-OMQNq7XrBXE1cquNTUW,3.16,6.58,3.51,0.27,0.03,-0.16,-3.42,100792.92,2025-03-28T06:14:38.319423,43.05,2025-03-28 13:14:38
-OMQNrLpe-d1221iU0jf,4.83,8.19,-2.81,0.25,-0.44,-0.2,9.98,100693.38,2025-03-28T06:14:43.323663,43.9,2025-03-28 13:14:43
-OMQNsZx-8JpP772IZKZ,0.58,8.29,-7.34,-1.36,-2.62,1.46,26.91,100687.72,2025-03-28T06:14:48.324414,43.01,2025-03-28 13:14:48
-OMQNtoGt3QCvOX-0f66,-1.84,6.82,-8.41,0.27,0.28,-0.75,28.37,100651.12,2025-03-28T06:14:53.401002,43.01,2025-03-28 13:14:53
-OMQNv0Ppy3ThYf9cWc1,-3.63,0.93,-11.17,-3.21,-4.37,0.39,29.76,100695.55,2025-03-28T06:14:58.336924,43.17,2025-03-28 13:14:58
-OMQNwFItm_tJhpTN2XN,-1.22,-1.2,-11.5,-1.13,-1.21,0.8,25.57,100704.48,2025-03-28T06:15:03.385498,43.34,2025-03-28 13:15:03
-OMQNxTGroGIubIYZSLj,-5.51,-0.71,-9.5,-1.18,-0.4,0.91,25.75,100717.02,2025-03-28T06:15:08.377006,42.68,2025-03-28 13:15:08
-OMQNygTBm_u5ylhTdsE,-4.37,1.53,-9.52,-1.39,-0.01,0.52,34.69,100596.3,2025-03-28T06:15:13.376921,42.99,2025-03-28 13:15:13
-OMQNzvEmNCq9XMhdBSc,9.41,0.7,-19.61,2.03,-1.76,-2.33,37.16,100581.73,2025-03-28T06:15:18.425454,41.39,2025-03-28 13:15:18
-OMQO07dWz6kmoN2HHnA,2.5,-2.26,6.85,-2.24,0.82,-0.5,36.63,100588.56,2025-03-28T06:15:23.377193,39.8,2025-03-28 13:15:23
-OMQO1MSj9Q-YCN2eJGu,3.43,-0.87,9.11,-0.69,-0.18,-0.2,36.98,100579.66,2025-03-28T06:15:28.415535,39.09,2025-03-28 13:15:28
-OMQO3n-9e5Most-o3_c,2.91,-1.8,7.59,0.3,-0.1,0.02,37.61,100578.3,2025-03-28T06:15:38.374431,38.18,2025-03-28 13:15:38
-OMQO50CMsvKZQhfP0_N,3.41,-6.55,10.53,-0.98,-1.21,2.29,37.94,100583.97,2025-03-28T06:15:43.380208,37.92,2025-03-28 13:15:43
-OMQO6Ece8kaiF44OShd,-1.55,-6.6,2.22,-0.68,0.81,0.84,38.09,100581.31,2025-03-28T06:15:48.399575,36.66,2025-03-28 13:15:48
-OMQO7SuGmWaxAte0LnQ,-1.15,-10.28,-0.25,4,0.42,-3.76,38.51,100579.06,2025-03-28T06:15:53.408374,36.19,2025-03-28 13:15:53
-OMQO8g25yZiAhRLpjMN,-0.18,-9.61,0.39,0.31,-0.07,0.41,39,100580.84,2025-03-28T06:15:58.412193,35.5,2025-03-28 13:15:58
-OMQO9uJzwktLeabnsO9,0.01,-9.81,0.79,-0.02,0.26,-0.14,39.42,100583.25,2025-03-28T06:16:03.417950,35.08,2025-03-28 13:16:03
-OMQOB7crgai5QqLPVEk,-0.79,-9.51,0.73,0.68,-0.35,-0.11,39.89,100587.16,2025-03-28T06:16:08.429439,34.53,2025-03-28 13:16:08
-OMQOCLw6moyY2WwcMK6,-0.39,-9.93,0.84,0.16,0,-0.3,40.24,100584.23,2025-03-28T06:16:13.442530,33.88,2025-03-28 13:16:13
-OMQODZyOB9u3EIfLD1s,-0.17,-9.62,0.85,0.13,0.04,0.04,40.57,100585.31,2025-03-28T06:16:18.440796,33.42,2025-03-28 13:16:18
-OMQOEn5h4YqfbhGzOss,0.41,-9.05,0.19,0.88,-0.31,0.28,41,100585.14,2025-03-28T06:16:23.442980,33.13,2025-03-28 13:16:23
-OMQOG0LiZV0Nk5nNGza,0.44,-9.83,0.56,0.02,-0.21,-0.34,41.33,100581.38,2025-03-28T06:16:28.447802,32.96,2025-03-28 13:16:28
-OMQOHEipuWnc5t1F09_,-0.59,-9.85,0.61,-0.24,0.66,0.84,41.64,100589.2,2025-03-28T06:16:33.456114,32.56,2025-03-28 13:16:33
-OMQOISnY2pF8tfcGSVZ,0.1,-10.07,1.09,0.1,-0.22,0.13,41.95,100581.78,2025-03-28T06:16:38.460082,32.69,2025-03-28 13:16:38
-OMQOJgIG7--YGCXLQg-,-0.17,-9.97,0.99,0.09,-0.04,-0.3,42.47,100586.06,2025-03-28T06:16:43.485468,32.29,2025-03-28 13:16:43
-OMQOKuhq1MOr9ZdMw6X,-1.44,-8.03,2.3,-0.32,0.47,0.41,42.46,100590.47,2025-03-28T06:16:48.494538,31.87,2025-03-28 13:16:48
-OMQOM82WHUfivDQIuDe,0.84,-8.66,4.71,-0.22,-0.02,-0.03,42.86,100585.97,2025-03-28T06:16:53.510105,32.03,2025-03-28 13:16:53
-OMQONMLzYtkEpK4rWct,-0.69,-8.61,4.23,0.05,-0.25,0.09,43.17,100588.22,2025-03-28T06:16:58.525262,32.07,2025-03-28 13:16:58
-OMQOO_jcbKDQBaAmecH,-1.96,-6.57,4.42,-0.91,0.22,-3.78,43.47,100588.02,2025-03-28T06:17:03.543523,32.03,2025-03-28 13:17:03
-OMQOPnKIMYVhpYbZYSl,2.09,-8.53,5.83,-0.76,-1.97,1.11,43.66,100591.38,2025-03-28T06:17:08.512146,31.71,2025-03-28 13:17:08
-OMQOR0W7YzR7v4BNYcs,-1.5,-6.99,5.73,0.17,-0.85,-0.03,43.93,100582.88,2025-03-28T06:17:13.514546,31.74,2025-03-28 13:17:13
-OMQOSEcVVUiOoQSWt5Z,0.25,-6.86,6.09,-3.47,-0.43,-2.01,44.04,100589.52,2025-03-28T06:17:18.519662,31.85,2025-03-28 13:17:18
-OMQOTT8R3-3jdEJkS3J,0.12,-7.12,7.82,-1.34,-0.35,-0.74,44.39,100585.17,2025-03-28T06:17:23.540673,31.85,2025-03-28 13:17:23
-OMQOUgkWMlpt7rAP0Lq,0.37,-7.83,5.35,0,-0.16,-0.26,44.68,100585.65,2025-03-28T06:17:28.563341,31.81,2025-03-28 13:17:28
-OMQOVuWV6y3GysfkB62,-0.62,-5.73,5.76,0.44,-0.85,-0.81,44.84,100588.81,2025-03-28T06:17:33.549179,31.65,2025-03-28 13:17:33
-OMQOX81yt2WveJRZauQ,-0.77,-7.08,4.25,-0.39,-0.26,-0.06,45,100590.39,2025-03-28T06:17:38.566299,31.63,2025-03-28 13:17:38
-OMQOYMIwVIrILH0XDl9,-0.28,-7.97,4.24,0.21,0,0.85,45.1,100587.62,2025-03-28T06:17:43.578275,31.41,2025-03-28 13:17:43
-OMQOZ_fqJsTNXYjCXGz,-1.13,-8.43,4.18,-0.11,-0.11,-0.21,45.26,100588.45,2025-03-28T06:17:48.596851,31.43,2025-03-28 13:17:48
-OMQO_nbi9oha92STNsj,-0.74,-8.52,5,0,-0.6,1.86,44.26,100595.26,2025-03-28T06:17:53.580729,31.01,2025-03-28 13:17:53
-OMQOb0icf3pObo4Ie_R,0.44,-0.12,8.77,-0.03,0,-0.04,44.5,100595.77,2025-03-28T06:17:58.583426,30.67,2025-03-28 13:17:58
-OMQOcEty4FTYXrdTon3,10.13,-0.02,0.96,-0.02,-0.01,-0.04,44.85,100587.94,2025-03-28T06:18:03.581794,30.94,2025-03-28 13:18:03
-OMQOdSxEVmuzXvxJiCX,7.79,-1.13,-4.6,-1.33,-2.99,-3.05,45.19,100590.73,2025-03-28T06:18:08.579596,31.16,2025-03-28 13:18:08
-OMQOegDvXlwenMlTbQj,-8.53,-0.35,2.89,-0.02,0,-0.05,45.61,100585,2025-03-28T06:18:13.591792,30.96,2025-03-28 13:18:13
-OMQOfuqUuqIDKLT0DUc,-6.5,-1.09,6.07,-0.02,0.02,-0.04,45.53,100591.16,2025-03-28T06:18:18.604022,31.14,2025-03-28 13:18:18
-OMQOh7mb3B-mkCR7D0Q,-6.37,-1.13,6.09,-0.02,0,-0.05,45.59,100591.94,2025-03-28T06:18:23.607175,30.99,2025-03-28 13:18:23
-OMQOiM-SiuoulyvIT0r,-6.4,-1.21,6.15,-0.02,-0.01,-0.05,45.77,100587.28,2025-03-28T06:18:28.618907,31.23,2025-03-28 13:18:28
-OMQOj_BzQDKPj4ztMZF,-7.58,-0.21,4.6,-0.02,0,-0.05,46.02,100588.46,2025-03-28T06:18:33.620134,31.14,2025-03-28 13:18:33
-OMQOknOp-apNHx4RvKv,-7.64,-0.2,4.57,-0.02,0,-0.05,46.14,100590.02,2025-03-28T06:18:38.631867,31.16,2025-03-28 13:18:38
-OMQOm0oqR7ikLQKyIQG,-7.6,-0.23,4.61,-0.02,-0.01,-0.05,46.13,100587.67,2025-03-28T06:18:43.644816,30.9,2025-03-28 13:18:43
-OMQOnEtwuRV_tfNY8E1,-2.8,-2.18,4.13,1.09,-0.39,-3.07,46.4,100588.83,2025-03-28T06:18:48.640276,30.79,2025-03-28 13:18:48
-OMQOoTRpoDzvqV_lKoe,-7.63,3.69,3.08,-0.03,0,-0.04,46.28,100589.28,2025-03-28T06:18:53.663902,30.98,2025-03-28 13:18:53
-OMQOpg_CBAj3kHDMUdo,-9.02,-0.21,0.68,-0.01,0.06,-0.07,46.53,100587.34,2025-03-28T06:18:58.671540,31.07,2025-03-28 13:18:58
-OMQOquZeqjU4zAILzRi,-9.22,-0.21,0.41,-0.02,0,-0.05,46.44,100586.56,2025-03-28T06:19:03.664535,31.14,2025-03-28 13:19:03
-OMQOs7nqmIF8QNgabx-,-9.25,-0.26,0.37,-0.02,0,-0.04,46.7,100586.26,2025-03-28T06:19:08.669380,31.29,2025-03-28 13:19:08
-OMQOtM_N5SHImc87amA,-9.22,-0.23,0.46,-0.02,0,-0.05,46.9,100585.56,2025-03-28T06:19:13.712162,31.41,2025-03-28 13:19:13
-OMQOu_Rsrh5byig-7Yp,-9.28,-0.26,0.42,-0.02,0,-0.05,46.98,100585.06,2025-03-28T06:19:18.693902,31.52,2025-03-28 13:19:18
-OMQOvnxUnw7RsnHoIZ3,-9.19,-0.29,0.44,-0.02,0,-0.05,47.34,100588.83,2025-03-28T06:19:23.709130,31.71,2025-03-28 13:19:23
-OMQOx11HiuHkCbC7sNJ,-9.79,0.28,-0.4,-0.24,-1.77,-0.28,47.89,100584.3,2025-03-28T06:19:28.709501,31.74,2025-03-28 13:19:28
-OMQOyF0vDtmnINzXjNe,9.2,0.21,5.03,0.97,-0.25,-0.01,47.42,100598.01,2025-03-28T06:19:33.709866,31.5,2025-03-28 13:19:33
-OMQOzTDe38-xHqbb73Z,6.54,1.71,4.8,-0.11,-0.04,-0.08,47.36,100596.8,2025-03-28T06:19:38.713470,31.27,2025-03-28 13:19:38
-OMQP-gqA_fpJ3OjUg3f,6.83,2.55,5.99,-0.01,-0.53,0.53,47.34,100594.7,2025-03-28T06:19:43.738398,30.83,2025-03-28 13:19:43
-OMQP0uzvtasdV8f6_IY,8.22,2.12,5.17,-0.06,0.01,0.05,47.36,100596.45,2025-03-28T06:19:48.741145,30.28,2025-03-28 13:19:48
-OMQP28FWjnJBYKteBlU,7.43,2.06,5.64,-0.13,0.06,-0.05,47.58,100594.05,2025-03-28T06:19:53.754530,30.14,2025-03-28 13:19:53
-OMQP3MMDPyycKSsvmuP,7.93,1.75,5.21,-0.04,0.02,-0.01,47.73,100592.64,2025-03-28T06:19:58.748574,30.03,2025-03-28 13:19:58
-OMQP4_hkhDjq4cm6BPX,7.46,2.54,5.01,-0.02,0,0.04,47.95,100592.03,2025-03-28T06:20:03.755782,29.94,2025-03-28 13:20:03
-OMQP5nfPyqp1Ez_v7z2,7.69,1.92,4.9,0.01,-0.06,-0.06,48.13,100596.27,2025-03-28T06:20:08.759390,29.72,2025-03-28 13:20:08
-OMQP715rniylGOUmV6B,6.9,4.3,5.35,-0.14,-0.16,-0.18,48.31,100592.95,2025-03-28T06:20:13.778915,29.61,2025-03-28 13:20:13
-OMQP8FCID1z0_OPERXj,5.93,2.2,6.39,0.12,0.06,-0.13,48.52,100594.91,2025-03-28T06:20:18.774287,29.44,2025-03-28 13:20:18
-OMQP9TQ9QBccX3NOuk1,7,1.81,6.45,1.99,1.9,-0.58,48.73,100587.66,2025-03-28T06:20:23.784987,29.34,2025-03-28 13:20:23
-OMQPAh32E15n0VnhCMB,7.61,-2.08,11.15,-1.82,-2.58,1.15,49.43,100582.27,2025-03-28T06:20:28.796837,29.41,2025-03-28 13:20:28
-OMQPBv4g95qC87pdSSh,4.52,0.51,6.31,1.17,0.4,-1.14,49.57,100597.59,2025-03-28T06:20:33.809919,29.28,2025-03-28 13:20:33
-OMQPD8QgGztjabfXw35,4.72,-1.01,4.49,1.03,-1.14,0.1,49.97,100582.77,2025-03-28T06:20:38.815274,29.19,2025-03-28 13:20:38
-OMQPEMMbD1Lt-5BS-kO,2.74,-3.31,5.83,1.65,-0.77,0.94,49.92,100588.05,2025-03-28T06:20:43.806086,29.04,2025-03-28 13:20:43
-OMQPF_cc5F08GPeCNYR,-2.84,0.67,9.06,-0.75,-0.2,-0.07,49.84,100590.92,2025-03-28T06:20:48.817264,28.93,2025-03-28 13:20:48
-OMQPGnfa48apvSXANC3,2.51,0.12,9.97,-0.18,0.27,-0.18,50.23,100579.27,2025-03-28T06:20:53.811992,28.99,2025-03-28 13:20:53
-OMQPI1C9AuOWPyu9_gu,1.25,5.84,7.3,-0.5,-0.58,1.09,51.05,100578.77,2025-03-28T06:20:58.832072,29.01,2025-03-28 13:20:58
-OMQPJFFAFwuZMKuujgE,-2.87,3.46,13.72,-0.26,1.17,-1.24,50.47,100578.3,2025-03-28T06:21:03.830002,29.23,2025-03-28 13:21:03
-OMQPKTAiqmlUH7czgv6,0.98,5.42,7.86,-0.26,-2.35,-1.68,50.47,100580.56,2025-03-28T06:21:08.827063,28.99,2025-03-28 13:21:08
-OMQPLgu-xPdDZDznzDK,4.46,1.85,8.89,-0.15,0.05,0.13,50.97,100582.89,2025-03-28T06:21:13.866843,29.54,2025-03-28 13:21:13
-OMQPMutxgvo-lOp-TgV,4.06,3.73,7.04,-0.89,0.41,0.6,51.52,100576.3,2025-03-28T06:21:18.848911,29.88,2025-03-28 13:21:18
-OMQPO8LnyTsWlK-axIp,0.89,-0.35,5.15,-0.51,1.02,-0.26,51.49,100579.36,2025-03-28T06:21:23.853948,30.37,2025-03-28 13:21:23
-OMQPPMe2QG4HukE7zzC,7.38,-1.04,12.22,0.52,-0.56,0.38,51.6,100587.06,2025-03-28T06:21:28.878020,30.61,2025-03-28 13:21:28
-OMQPQ_V_-DNz7O6lOVj,-1,3.13,8.44,-0.2,0.12,-0.23,51.5,100577.72,2025-03-28T06:21:33.862707,30.76,2025-03-28 13:21:33
-OMQPRntAIVX2g3jmgzY,3.11,1.73,8.4,-0.38,0.41,0.91,51.22,100579.02,2025-03-28T06:21:38.872078,30.99,2025-03-28 13:21:38
-OMQPT15n3nrvln7CoCS,2.31,2.46,8.47,-0.13,0.65,1.3,51.33,100571.13,2025-03-28T06:21:43.884701,31.03,2025-03-28 13:21:43
-OMQPUFFSqC-7whjfJs2,4.94,1.05,9.3,-0.64,0.28,1.19,51.29,100574.59,2025-03-28T06:21:48.893713,31.25,2025-03-28 13:21:48
-OMQPVTXgoQXsCRO9xO8,5.88,7.57,2.05,0.09,-0.04,-0.04,51.66,100573.27,2025-03-28T06:21:53.902926,30.96,2025-03-28 13:21:53
-OMQPWgyYjhojlvK6bRG,1.06,7.77,5.82,-0.06,-0.33,-0.32,51.83,100577.45,2025-03-28T06:21:58.918164,31.19,2025-03-28 13:21:58
-OMQPXv5_jZaPJ857zWK,2.15,6.36,6.8,-0.14,-0.49,-0.74,51.72,100574.3,2025-03-28T06:22:03.915737,30.81,2025-03-28 13:22:03
-OMQPZ8UbWVjIgQhvXDI,-3.45,5.45,5.4,-0.41,0.31,0.33,51.91,100573.96,2025-03-28T06:22:08.928736,30.78,2025-03-28 13:22:08
-OMQP_Mm15CB-qrZrRtg,-2.58,4.64,7.83,0.13,-0.53,0.03,51.9,100572.23,2025-03-28T06:22:13.949114,30.48,2025-03-28 13:22:13
-OMQPa_pU_eXi6q12ADh,5.39,1.15,8.06,-0.01,-1.25,-1.3,51.86,100575.75,2025-03-28T06:22:18.944802,30.34,2025-03-28 13:22:18
-OMQPboD5w38lDOq3rU4,0.34,0.3,8.79,-0.02,0,-0.05,51.08,100585.73,2025-03-28T06:22:23.956799,30.48,2025-03-28 13:22:23
-OMQPd1UPTj96Dhbq-Z9,0.28,0.48,8.82,-0.02,-0.01,-0.05,51,100586.34,2025-03-28T06:22:28.966757,30.63,2025-03-28 13:22:28
-OMQPeF_fUiEBVEWn7_s,2.95,0.31,8.69,-0.31,0.7,0.7,51.49,100575.69,2025-03-28T06:22:33.964026,30.79,2025-03-28 13:22:33
-OMQPf_a7--xBHpAXLhS,-0.72,6.73,7.2,-0.38,0.06,1.06,51.52,100572.25,2025-03-28T06:22:39.004106,31.19,2025-03-28 13:22:38
-OMQPgi4I1_SGvfdTNlZ,-6.44,2.9,10.65,-1.22,-0.26,-0.2,-28.97,100725.39,2025-03-28T06:22:44.045601,32.58,2025-03-28 13:22:43
-OMQPhwBd_PtTe2q_qC0,0.06,6.86,4.2,0.9,0.27,-0.64,13.23,100972.25,2025-03-28T06:22:49.046292,33.88,2025-03-28 13:22:48
-OMQPj8gK5ZQ23czrrE3,-1.35,8.25,2.8,-0.22,0.23,-0.3,20.2,100670.05,2025-03-28T06:22:54.009805,35.21,2025-03-28 13:22:53
-OMQPkO-GKCEYr_Hme1_,-1.67,7.8,4.14,-0.03,-0.02,-0.07,10.01,100661.4,2025-03-28T06:22:59.076545,36.5,2025-03-28 13:22:58
-OMQPlaT3ofa05dInUOz,-1.32,7.79,2.66,0.09,0.04,0.23,-15.36,100960.78,2025-03-28T06:23:04.040718,37.63,2025-03-28 13:23:03
-OMQPmqb9IY5ifq6qdwc,-1.3,7.35,5.02,-0.14,0.12,-0.02,-7.74,100924.77,2025-03-28T06:23:09.168128,38.31,2025-03-28 13:23:08
-OMQPo1ElscmjXznb35d,-3.22,6.01,5.67,0.11,0.01,-0.36,13.59,100686.34,2025-03-28T06:23:14.010791,38.85,2025-03-28 13:23:13
-OMQPpGpSKlGHOJpxTY6,-3.9,7.26,3.1,-0.11,0.19,0.02,29.35,100661.95,2025-03-28T06:23:19.099522,39.4,2025-03-28 13:23:18
-OMQPvNAIDnNHUvflLa3,-3.51,7.49,5.29,-0.3,-0.07,0.02,30.66,100640.54,2025-03-28T06:23:44.074252,40.58,2025-03-28 13:23:43
-OMQPwaAlItyaJbVRKdO,-4.93,8.16,3.45,-0.31,0.73,-0.13,1.74,101480.45,2025-03-28T06:23:49.073906,41.11,2025-03-28 13:23:48
-OMQPxoTcmaNAB1lizRB,-2.89,7.53,4.49,-0.36,0,0.05,-6.04,100786.04,2025-03-28T06:23:54.084355,41.64,2025-03-28 13:23:53
-OMQPz1xLD0-ZGH4uE9E,-3.05,6.85,5.22,0.05,-0.29,0.29,5.62,101062.28,2025-03-28T06:23:59.104020,42.03,2025-03-28 13:23:58
-OMQQ-GDrQW0jSFv4DpY,-3.47,6.49,4.39,0.29,0.12,0.15,5.19,100768.07,2025-03-28T06:24:04.113650,42.54,2025-03-28 13:24:03
-OMQQ0UZ_788Xf1gR_vT,-4.03,7.89,3.23,0.08,-0.16,0.14,13.89,100687.1,2025-03-28T06:24:09.133789,43.1,2025-03-28 13:24:08
-OMQQ1hwChnm8ypD9Zh9,-4,5.36,4.94,0.11,0.09,0.37,4.83,100839.28,2025-03-28T06:24:14.153799,43.47,2025-03-28 13:24:13
-OMQQ2wWlCCIH_4U2Cav,-4.88,5.91,4.03,-0.1,0.54,0.25,-31.79,100850.89,2025-03-28T06:24:19.173681,44.36,2025-03-28 13:24:18
-OMQQ49jICgz6ieAx2FO,-3.67,7.24,2.37,0.05,0.43,0,23.68,100661.17,2025-03-28T06:24:24.183881,44.29,2025-03-28 13:24:23
-OMQQ5NK4l1xK9lYSAx7,-3.81,7.49,2.69,0.21,0.08,0.03,16.07,100631.92,2025-03-28T06:24:29.153654,44.21,2025-03-28 13:24:28
-OMQQ6aWbyCCGGDKID58,-4.44,6.04,3.33,0.4,-0.32,-0.29,-20.34,100609.54,2025-03-28T06:24:34.153979,44.23,2025-03-28 13:24:33
-OMQQ7p0_kVJPh62l4V4,-3.6,6.81,3.02,-0.12,0.19,0.02,-30.14,101429.07,2025-03-28T06:24:39.179437,44.8,2025-03-28 13:24:38
-OMQQ929gNkdNpco9Guv,-3.25,7.57,3.31,0.03,0.12,-0.02,-29.84,101136.89,2025-03-28T06:24:44.169110,45.45,2025-03-28 13:24:43
-OMQQAGKd7kVMKmauQmm,-3.54,6.16,5.11,0.03,-0.06,0.08,0.55,100922.73,2025-03-28T06:24:49.179434,45.91,2025-03-28 13:24:48
-OMQQBU_nuEznJ4z9ahw,-3.8,7.32,3.25,-0.1,0.04,-0.06,6.48,100968.06,2025-03-28T06:24:54.188986,46.44,2025-03-28 13:24:53
-OMQQChoZntsslNr5ySk,-3.26,5.76,5.26,0.09,0.16,0.11,-12.37,101160.3,2025-03-28T06:24:59.204458,46.53,2025-03-28 13:24:58
-OMQQDw67EZbBrVHzB4O,-2.84,6.19,5.09,0.12,0.11,0.28,2.22,100901.16,2025-03-28T06:25:04.209392,46.8,2025-03-28 13:25:03
-OMQQF9Kl1SZX61r8psO,-4.68,6.81,4.62,-0.08,0.07,-0.4,4.05,100908.66,2025-03-28T06:25:09.214406,46.73,2025-03-28 13:25:08
-OMQQGNd35gqFwIn6A_7,-2.79,7.25,3.56,-0.21,0.48,0.08,-17.09,100925.61,2025-03-28T06:25:14.229210,46.95,2025-03-28 13:25:13
-OMQQHa_13BZ5lImnqeq,-3.11,5.76,5.22,0.32,0.23,-0.41,0.64,100939.88,2025-03-28T06:25:19.219786,46.64,2025-03-28 13:25:18
-OMQQIov5CCRcC0T15o_,-2.85,5.8,7.35,0.03,-0.13,-0.12,33.54,100551.66,2025-03-28T06:25:24.219459,46.07,2025-03-28 13:25:23
-OMQQK2GlM2TI_MxCY-0,-4.51,5.52,4.2,0.16,-0.53,-0.45,32.89,100580.59,2025-03-28T06:25:29.239344,45.56,2025-03-28 13:25:28
-OMQQLGUbmQePPGKoKfp,-2.23,5.88,6.61,-0.15,-0.15,0,-19.52,100754.3,2025-03-28T06:25:34.243916,45.42,2025-03-28 13:25:33
-OMQQMULomMaOCoAAbvL,-3.37,5.76,6.74,-0.12,0.11,-0.23,-27.69,100873.39,2025-03-28T06:25:39.233622,46.22,2025-03-28 13:25:39
-OMQQNiCa7L2fIGYQWLA,-3.67,4.38,6.27,0.35,-0.47,-0.99,13.47,100631.06,2025-03-28T06:25:44.273623,46.97,2025-03-28 13:25:44
-OMQQOwT23KFLoYua-Lk,-3.28,4.25,7.16,0.25,-0.1,-0.16,-36.11,100693.78,2025-03-28T06:25:49.283813,47.09,2025-03-28 13:25:49
-OMQQQ9oEu7x-MSPnGI4,-4.39,4.76,4.76,0.44,-0.14,0.17,30.72,100592.02,2025-03-28T06:25:54.293666,47.35,2025-03-28 13:25:54
-OMQQRNgZocVFjvc9cUV,-3.49,5.14,7.32,0.59,-0.32,-0.57,32.26,100583.02,2025-03-28T06:25:59.283676,47,2025-03-28 13:25:59
-OMQQSan9Nhk9r3PzofB,-3.94,5.85,3.59,0.15,0.21,0.07,2.51,100793.34,2025-03-28T06:26:04.283965,46.57,2025-03-28 13:26:04
-OMQQTovoDyXhsdFoR0U,-4.77,6.43,4.21,0.23,-0.03,-0.09,-20.7,100879.5,2025-03-28T06:26:09.283579,46.84,2025-03-28 13:26:09
-OMQQV2LbnOJ6J59xmaZ,-5.09,4.84,5,-0.43,0.1,-0.12,-33.28,100722.99,2025-03-28T06:26:14.309240,47,2025-03-28 13:26:14
-OMQQWGKMQAJtVhlPbpM,-1.77,10.01,-0.18,0.11,-0.07,-0.19,-2.26,100624.11,2025-03-28T06:26:19.298539,46.8,2025-03-28 13:26:19
-OMQQXUm8uwqU-1ov95M,-0.79,8.88,0.65,0.05,0.39,0.32,-10.44,100777.62,2025-03-28T06:26:24.313896,47.15,2025-03-28 13:26:24
-OMQQYi3bF7-BeuqpV4g,-3.76,8.41,1.37,-0.04,0.24,0.1,-0.32,100783.87,2025-03-28T06:26:29.333746,47.17,2025-03-28 13:26:29
-OMQQZx5_XFUTapcoJjb,0.49,11.3,-0.95,-0.69,-0.75,-0.11,12.57,100682.48,2025-03-28T06:26:34.373818,47.17,2025-03-28 13:26:34
-OMQQaABv7L7IGK-hBfy,-2.51,9.87,-1.82,-0.49,-0.17,-0.37,1.32,100898.8,2025-03-28T06:26:39.373653,47.15,2025-03-28 13:26:39
-OMQQbOaKJQLz-OOVyAb,-0.6,9.01,-1,-0.33,0.26,0.16,-10.06,100810.17,2025-03-28T06:26:44.403705,47.22,2025-03-28 13:26:44
-OMQQcbJMCPuSaWFz22F,-0.08,9.32,-0.43,-0.02,-0.4,0.09,-4.74,100855.86,2025-03-28T06:26:49.353905,46.97,2025-03-28 13:26:49
-OMQQdowbTeRkAknlPiJ,-1.32,9.92,-0.6,0.24,0.17,-0.25,-3.59,100784.99,2025-03-28T06:26:54.339239,47.75,2025-03-28 13:26:54
-OMQQf2dzi2TxdgFx7Le,-3.72,9.56,-0.79,0.11,0.45,0.49,27.82,100592.38,2025-03-28T06:26:59.373624,47.73,2025-03-28 13:26:59
-OMQQgGnZ51ratq70QKa,3.05,4.21,8.15,0.68,0.96,0.18,31.18,100573.66,2025-03-28T06:27:04.383839,47.53,2025-03-28 13:27:04
-OMQQhVAm3aXjrc1Fft6,-7.03,5.39,3.07,-0.28,0.16,0.01,32.19,100566.44,2025-03-28T06:27:09.393810,47.15,2025-03-28 13:27:09
-OMQQiiBz268fhdPvVhD,-5.19,5.97,3.29,-0.01,-0.03,-0.12,32.08,100563.8,2025-03-28T06:27:14.388901,46.73,2025-03-28 13:27:14
-OMQQjwMEoN6_g6AIXjy,-5.51,5.29,5.95,-0.35,-0.25,0.43,31.39,100568.71,2025-03-28T06:27:19.393739,46.69,2025-03-28 13:27:19
-OMQQl9o4Tgsxd0ZXZz1,-5.38,5.09,4.81,-0.01,0,-0.04,31.08,100589.25,2025-03-28T06:27:24.413424,46.62,2025-03-28 13:27:24
-OMQQmOMwJEF2_tzAqGn,-4.53,4.64,5.72,-0.14,0.07,-0.13,31.54,100581.6,2025-03-28T06:27:29.444020,46.66,2025-03-28 13:27:29
-OMQQnawNaeoezOkyjAi,-4.04,7.82,2.43,-0.61,0.4,0.41,32.15,100562.05,2025-03-28T06:27:34.398603,46.57,2025-03-28 13:27:34
-OMQQoq85UWd1scLsuL-,-4.14,6.92,3.01,0.1,-0.16,-0.4,32.43,100564.11,2025-03-28T06:27:39.474195,46.55,2025-03-28 13:27:39
-OMQQq3naSGxjxA-oiPo,-4.34,7.28,3.94,0.06,-0.25,-0.06,32.46,100562.52,2025-03-28T06:27:44.514134,46.51,2025-03-28 13:27:44
-OMQQrH2PsO8HaNan_Bi,-4.9,6.61,3.67,-0.07,0.04,-0.06,32.59,100558.08,2025-03-28T06:27:49.453919,46.53,2025-03-28 13:27:49
-OMQQsUtBNnZ4BA5u2Jg,-4.65,6.61,3.58,-0.33,0.55,0.28,32.49,100568.55,2025-03-28T06:27:54.433655,46.55,2025-03-28 13:27:54
-OMQQtiY9rkYAE3iO93O,-5.14,6.42,3.98,-0.17,0.05,0,32.58,100559.08,2025-03-28T06:27:59.468832,46.58,2025-03-28 13:27:59
-OMQQuwmLyTxrb_tzDQ8,-4.23,6.32,4.07,-0.52,0.57,0.43,32.21,100562.97,2025-03-28T06:28:04.469047,46.62,2025-03-28 13:28:04
-OMQQw9T8RZoIB-Cv-Xt,-5.21,5.22,4.18,0.19,-0.27,-0.07,31.93,100571.02,2025-03-28T06:28:09.448950,46.58,2025-03-28 13:28:09
-OMQQxOOHljJnqdbYVT_,-5.88,4.26,5.16,-0.46,0.24,0.22,32.01,100592.22,2025-03-28T06:28:14.483957,46.75,2025-03-28 13:28:14
-OMQQybVrTkkbh0vCcAU,-5.87,6.37,3.11,0.29,-1.27,-0.83,32,100567.69,2025-03-28T06:28:19.493852,46.58,2025-03-28 13:28:19
-OMQQzpN4QmaQn45s6fg,-2.99,4.89,5.48,0.22,-0.19,-0.43,32.63,100560.21,2025-03-28T06:28:24.483914,46.69,2025-03-28 13:28:24
-OMQR032yJWucBnNmfpp,-5.15,3.67,5.9,0.15,-0.09,-0.22,32.7,100560.01,2025-03-28T06:28:29.513792,46.62,2025-03-28 13:28:29
-OMQR1H-n8ctFUiGFutL,-5.21,4.92,5.24,0.02,-0.2,-0.29,32.68,100564.7,2025-03-28T06:28:34.503844,46.66,2025-03-28 13:28:34
-OMQR2V2QR7hyCnR_FY6,-3.62,4.6,6.4,-0.14,0.07,0.06,32.05,100563.66,2025-03-28T06:28:39.499116,46.67,2025-03-28 13:28:39
-OMQR3iD3mSNizjVv4IU,-4.31,4.42,6.07,-0.04,0.05,-0.01,32.08,100565.71,2025-03-28T06:28:44.503951,46.62,2025-03-28 13:28:44
-OMQR4wcRAlqNVfMcByj,-5.51,4.32,6.19,-0.49,0.31,-0.21,31.84,100559.16,2025-03-28T06:28:49.523745,46.66,2025-03-28 13:28:49
-OMQR69qjjupEYmFvoN2,-3.06,4.07,6.37,0.02,-0.14,-0.73,-30.52,100710.41,2025-03-28T06:28:54.523893,47.55,2025-03-28 13:28:54
-OMQR7Nhyc-iVt6-9j6O,-5.19,4.99,9.81,-0.39,0.05,-0.11,30.83,100563.73,2025-03-28T06:28:59.509254,48.1,2025-03-28 13:28:59
-OMQR8ba7tEsQQaUDf1f,-3.53,4.48,4.81,0.02,-0.03,0.28,30.59,100562.29,2025-03-28T06:29:04.554566,47.57,2025-03-28 13:29:04
-OMQR9q8J2WfBRIIVBWX,-3.5,4.78,6.41,-0.18,0.52,0.52,31.18,100563.38,2025-03-28T06:29:09.584037,47.5,2025-03-28 13:29:09
-OMQRB3o5UYVULby27CQ,-4.02,4.52,4.89,0.41,-0.13,-0.68,31.53,100560.32,2025-03-28T06:29:14.623944,47.31,2025-03-28 13:29:14
-OMQRCHXFNdUNmU-JXKt,-2.98,8.19,2.04,0.02,-0.25,-0.11,30.7,100565.92,2025-03-28T06:29:19.594118,46.91,2025-03-28 13:29:19
-OMQRDblOFwGbRhwCNFb,-3.32,8.69,0.33,0.33,-0.54,-0.71,30.95,100562.73,2025-03-28T06:29:24.574835,46.77,2025-03-28 13:29:24
-OMQREibBDsBPHawWqho,-5.48,4.03,7.78,-0.64,-0.23,0.22,31.04,100566.36,2025-03-28T06:29:29.583772,46.82,2025-03-28 13:29:29
-OMQRFwg-nqz3_puCkU4,7.07,3.11,3.61,-0.07,1.04,1.03,32.12,100576.03,2025-03-28T06:29:34.583919,46.67,2025-03-28 13:29:34
-OMQRH9v2p_pmLAOA4hu,5.18,4.81,5.13,0.02,-0.31,-0.15,31.74,100584.71,2025-03-28T06:29:39.584136,46.47,2025-03-28 13:29:39
-OMQRIO6fHgDKJ8G-le4,6.64,5.78,4.54,-0.12,-0.19,0.3,31.65,100594.7,2025-03-28T06:29:44.589011,46.27,2025-03-28 13:29:44
-OMQRJbV-VF2NrMjap7B,7.2,4.44,3.66,-0.3,0.25,-0.32,31.81,100572.84,2025-03-28T06:29:49.604168,46.29,2025-03-28 13:29:49
-OMQRKpiUzHEA844OzjD,7.21,5.32,4.2,-0.08,0.19,-0.04,31.81,100577.06,2025-03-28T06:29:54.608972,46.36,2025-03-28 13:29:54
-OMQRM3A35VZ7fgDEU5-,5.15,3.65,5.07,0.48,-0.2,-0.2,32,100568.56,2025-03-28T06:29:59.634000,46.42,2025-03-28 13:29:59
-OMQRNGw97Q7JhKy6-GA,6.16,5.87,4.29,-0.05,0.04,-0.05,32.9,100554.14,2025-03-28T06:30:04.609106,46.44,2025-03-28 13:30:04
-OMQROVQxjGVEUsh9NTX,5.16,5.58,5.16,0.39,0.16,0.39,32.68,100553.52,2025-03-28T06:30:09.634151,46.51,2025-03-28 13:30:09
-OMQRPigfT_V2NjNIz7l,6.57,3.97,4.33,-0.69,-0.05,-0.23,32.47,100551.79,2025-03-28T06:30:14.643892,46.35,2025-03-28 13:30:14
-OMQRQwvDktjECQo-aj-,6.62,5.06,6.47,0.92,0.2,-0.23,12.31,100618.09,2025-03-28T06:30:19.645986,46.73,2025-03-28 13:30:19
-OMQRSAAmuN57o4kDTXb,6.08,5.34,3.98,-0.46,0.56,0.17,31.77,100618.32,2025-03-28T06:30:24.655676,46.95,2025-03-28 13:30:24
-OMQRTO8tkfgfljDZ1Bf,6.69,5.33,2.86,-0.4,0.7,0.71,31.96,100567.78,2025-03-28T06:30:29.645956,46.98,2025-03-28 13:30:29
-OMQRUbSiROnVB6nBR2i,6.77,6.05,5.19,-0.35,-0.14,-0.32,31.37,100556.62,2025-03-28T06:30:34.665938,46.97,2025-03-28 13:30:34
-OMQRVpehLS1pDeIDgjl,6.28,2.67,3.02,-0.74,-0.94,-0.95,15.86,100619.69,2025-03-28T06:30:39.665830,47,2025-03-28 13:30:39
-OMQRX2uTzQgm8YPhwl8,6.24,6.43,1.19,-0.84,0.18,0.02,31.87,100583.41,2025-03-28T06:30:44.671320,47.08,2025-03-28 13:30:44
-OMQRYHFmgDpUu4ip711,5.85,6.05,4.64,0.16,-0.13,-0.13,32.64,100547.16,2025-03-28T06:30:49.685687,47.09,2025-03-28 13:30:49
-OMQRZV5LJh1tfWjZYBa,5.54,4.2,3.4,0.13,-0.22,0.25,32.66,100545.66,2025-03-28T06:30:54.670759,46.98,2025-03-28 13:30:54
-OMQR_i6F5mXkM7lvIIZ,8.71,6.39,5.69,0.07,-0.28,-0.04,32.58,100545.12,2025-03-28T06:30:59.670673,47,2025-03-28 13:30:59
-OMQRawNg0NCM3KGmRoL,5.92,4.6,4.91,0.1,0.19,0.1,32.35,100551.99,2025-03-28T06:31:04.670688,46.95,2025-03-28 13:31:04
-OMQRcAEXsZZjNJ6NRZt,6.51,7.39,4.6,-0.15,0.22,-0.01,13.66,100594.86,2025-03-28T06:31:09.715968,47.4,2025-03-28 13:31:09
-OMQRdObwSGhSzgBxKSL,5.95,5.88,2.21,-0.37,0.14,-0.43,31.65,100562.89,2025-03-28T06:31:14.730826,47.46,2025-03-28 13:31:14
-OMQRec4Yf1RZSbxLdXF,6.92,5.63,3.9,-0.05,-0.05,0.02,31.72,100548.75,2025-03-28T06:31:19.760790,47.29,2025-03-28 13:31:19
-OMQRfpUuI1ySaSvj2gf,6.75,8.72,6,0.2,-0.31,-0.76,30.79,100558.28,2025-03-28T06:31:24.706275,47.24,2025-03-28 13:31:24
-OMQRh31Qorjipc0Rnz_,6.27,5.4,3.02,-0.56,-0.13,-0.39,29.82,100553.2,2025-03-28T06:31:29.715914,47.11,2025-03-28 13:31:29
-OMQRiGvqWVTgv8owf7F,5.73,7.02,5.44,-0.04,0.89,-0.05,10.73,100612.6,2025-03-28T06:31:34.725930,47.2,2025-03-28 13:31:34
-OMQRjV5gushzn9ie7Bg,7.75,7.94,3.99,0.16,-0.37,-0.6,15.57,100608.12,2025-03-28T06:31:39.725681,47.86,2025-03-28 13:31:39
-OMQRki7h_m3VGCMUUUf,4.79,6.18,5.58,0.52,0.36,0.99,10.18,100690.91,2025-03-28T06:31:44.725688,48.39,2025-03-28 13:31:44
-OMQRlwGkr32au9kRCB4,7.29,6.95,3.34,0.32,-0.58,-0.17,13.62,100604.55,2025-03-28T06:31:49.725906,48.9,2025-03-28 13:31:49
-OMQRnA-ET_HY9SN5l0J,8.6,6.14,5.86,0.08,0.05,-0.62,15.9,100604.2,2025-03-28T06:31:54.755803,49.3,2025-03-28 13:31:54
-OMQRoOlwVkaYI5r5OgI,6.27,4.79,3.88,-0.01,0.05,-0.23,4.89,100612.72,2025-03-28T06:31:59.785806,49.72,2025-03-28 13:31:59
-OMQRpcBEIPvZzATBj8J,5.48,6.85,4.82,0.16,-0.01,0,27.77,100543.57,2025-03-28T06:32:04.755897,49.56,2025-03-28 13:32:04
-OMQRqq9D03g1pYBR9w1,5.07,8.43,3.62,0.59,0.24,0.93,30.41,100535.89,2025-03-28T06:32:09.815718,49.25,2025-03-28 13:32:09
-OMQRs3j7XH5RrsXnH_c,6.87,5.96,3.83,0.22,0.25,0.79,32.06,100536.36,2025-03-28T06:32:14.835664,48.99,2025-03-28 13:32:14
-OMQRtH2xBCD-n3Ogw-g,2.91,0.17,8.7,-0.02,-0.23,0.02,32,100538.09,2025-03-28T06:32:19.785874,48.7,2025-03-28 13:32:19
-OMQRuV2zWQVjyUagjTh,2.85,0.24,8.45,-0.15,-0.02,-0.45,32,100537.1,2025-03-28T06:32:24.775657,47.91,2025-03-28 13:32:24
-OMQRviRW-kScuvBDZAb,4.14,0.86,6.97,0.05,-0.42,-0.01,32.16,100537.42,2025-03-28T06:32:29.796011,47.53,2025-03-28 13:32:29
-OMQRwweRGzt6cWnZeAo,3.19,0.37,8.54,-0.03,0.01,-0.04,32.5,100536.82,2025-03-28T06:32:34.806077,47.5,2025-03-28 13:32:34
-OMQRyA1P74l1RoefI6V,2.9,0.53,7.86,-0.05,0.03,-0.03,32.77,100539.84,2025-03-28T06:32:39.815818,47.26,2025-03-28 13:32:39
-OMQRzOHPdhBiDg8p1Pb,3.04,0.46,8.59,-0.03,0,-0.04,32.94,100537.61,2025-03-28T06:32:44.825758,47.33,2025-03-28 13:32:44
-OMQS-c2fDfo4bgHsVjc,3.05,0.45,8.55,-0.03,-0.01,-0.04,33.01,100535.25,2025-03-28T06:32:49.830740,47.17,2025-03-28 13:32:49
-OMQS0ptHe4fypUroCD5,3.04,0.39,8.49,-0.03,0,-0.05,33.35,100536.25,2025-03-28T06:32:54.846163,47.24,2025-03-28 13:32:54
-OMQS22jWcAncUvaYGfv,2.99,0.39,8.44,-0.03,0,-0.03,33.67,100536.64,2025-03-28T06:32:59.830608,47.29,2025-03-28 13:32:59
-OMQS3HVVQ7ZHjwjCzx2,2.89,0.4,8.46,-0.03,0,-0.05,33.65,100537.32,2025-03-28T06:33:04.870822,47.11,2025-03-28 13:33:04
-OMQS4VTCaD98AEvKdAa,2.87,0.35,8.64,-0.03,0,-0.04,33.71,100536.39,2025-03-28T06:33:09.860411,47.31,2025-03-28 13:33:09
-OMQS5iZ-On6Ar6sk2wB,2.98,0.4,8.54,-0.03,0,-0.04,33.98,100536.14,2025-03-28T06:33:14.865933,47.44,2025-03-28 13:33:14
-OMQS6wf3ku_e6ivvbbv,2.92,0.36,8.62,-0.03,0,-0.04,34.04,100536.42,2025-03-28T06:33:19.860716,47.44,2025-03-28 13:33:19
-OMQS8AIV40xO77ce6aq,2.85,0.41,8.51,-0.03,-0.01,-0.04,33.99,100535.67,2025-03-28T06:33:24.890921,47.37,2025-03-28 13:33:24
-OMQS9OgcTkUdRiSaM5a,2.94,0.45,8.61,-0.03,0,-0.04,34.04,100538.27,2025-03-28T06:33:29.906070,47.48,2025-03-28 13:33:29
-OMQSAbl4lUciXPKKqKC,3.64,0.65,9.12,0.02,0.06,-0.07,34.02,100536.21,2025-03-28T06:33:34.900596,47.59,2025-03-28 13:33:34
-OMQSBpwuOfd96rMO6ZN,2.94,0.37,8.71,-0.04,0,-0.04,33.92,100533.58,2025-03-28T06:33:39.905961,47.51,2025-03-28 13:33:39
-OMQSD3BzzCQXcXzmgm6,2.63,0.17,8.63,-0.02,-0.02,-0.05,33.8,100539.95,2025-03-28T06:33:44.920784,47.4,2025-03-28 13:33:44
-OMQSEHPyZXnTGZcEAlX,2.9,0.58,8.55,-0.03,0,-0.04,33.78,100538.55,2025-03-28T06:33:49.921530,47.55,2025-03-28 13:33:49
-OMQSFVfrVyvhDQgYIG0,2.92,0.36,8.61,-0.03,0,-0.04,33.7,100536.42,2025-03-28T06:33:54.920529,47.35,2025-03-28 13:33:54
-OMQSGidgy4mnBBOQZol,2.95,0.44,8.58,-0.03,0,-0.04,33.45,100537.59,2025-03-28T06:33:59.925729,47.02,2025-03-28 13:33:59
-OMQSHx6YX_E90CZG4Qb,2.86,0.45,8.72,-0.03,-0.01,-0.04,33.35,100535.98,2025-03-28T06:34:04.940565,47.02,2025-03-28 13:34:04
-OMQSJAA2wm8nBbZ1n5q,2.84,0.51,8.63,-0.04,-0.01,-0.02,33.5,100536.69,2025-03-28T06:34:09.941028,46.98,2025-03-28 13:34:09
-OMQSKOhO0K_tFvrHCk0,2.72,0.5,8.61,-0.03,0,-0.04,33.67,100537.33,2025-03-28T06:34:14.960723,47.19,2025-03-28 13:34:14
-OMQSLbbzbdOl8W4l0MS,2.89,0.49,8.53,-0.03,0,-0.04,33.78,100538.15,2025-03-28T06:34:19.950846,47.4,2025-03-28 13:34:19
-OMQSMqF-N4Ns8PnJIAx,3.03,0.49,8.61,-0.03,0,-0.05,33.93,100536.73,2025-03-28T06:34:24.980982,47.4,2025-03-28 13:34:24
-OMQSO4ItN9SfamU1-Nn,2.92,0.45,8.6,-0.03,0,-0.04,34.12,100539.39,2025-03-28T06:34:30.031532,47.55,2025-03-28 13:34:29
-OMQx3FA50HoHdoHyW_2,-6.88,5.71,0.92,0.12,-0.11,-0.05,57.86,100356.89,2025-03-28T08:52:53.225829,33.44,2025-03-28 15:52:52
-OMQx4OnzKtk_ig8ppph,-6.86,6.11,0.62,-0.01,0.02,-0.07,57.62,100355.33,2025-03-28T08:52:58.038142,33.66,2025-03-28 15:52:57
-OMQx5buE3x0w2_7-vVK,-6.8,6.32,0.84,-0.07,-0.06,-0.03,57.47,100352.79,2025-03-28T08:53:03.030760,33.78,2025-03-28 15:53:02
-OMQx6qAdtU8BBnA4VnG,-6.67,6.55,0.36,-0.06,0.04,-0.01,57.34,100356.05,2025-03-28T08:53:08.042780,34,2025-03-28 15:53:07
-OMQx82ycjDBZitEJZaK,-6.85,6.18,0.75,-0.03,0,-0.05,57.11,100356.06,2025-03-28T08:53:13.032273,34.11,2025-03-28 15:53:12
-OMQx9HO7JmqgUHpFjsO,-6.67,6.42,0.33,0.03,0.12,-0.03,56.95,100356.38,2025-03-28T08:53:18.050510,34.29,2025-03-28 15:53:17
-OMQxAVaBCBb7fKYEC9E,-6.67,6.38,0.36,-0.03,-0.03,-0.04,56.79,100355.56,2025-03-28T08:53:23.047783,34.48,2025-03-28 15:53:22
-OMQxBiqXi5N_LV4MrHO,-6.8,6.29,0.56,-0.01,0.07,-0.01,56.56,100350.91,2025-03-28T08:53:28.061761,34.62,2025-03-28 15:53:27
-OMQxCx84iJ8-nN786MD,-6.67,6.35,0.62,-0.06,0.04,-0.02,56.38,100354.38,2025-03-28T08:53:33.067977,34.7,2025-03-28 15:53:32
-OMQxEAbqxmKL_13owHx,-6.74,6.34,0.53,0,-0.06,-0.06,56.23,100352.69,2025-03-28T08:53:38.068814,34.9,2025-03-28 15:53:37
-OMQxFOcic3sSk1zlMgR,-6.73,6.31,0.66,-0.07,-0.03,-0.04,56.07,100356.33,2025-03-28T08:53:43.088862,34.99,2025-03-28 15:53:42
-OMQxGbUV6cJomNCRLWj,-6.59,6.34,0.75,-0.01,0.03,-0.02,55.91,100351.14,2025-03-28T08:53:48.074535,35.21,2025-03-28 15:53:47
-OMQxHq7ltGmCnJgGodf,-6.77,6.36,0.7,-0.02,0.02,-0.04,55.76,100352.45,2025-03-28T08:53:53.094625,35.3,2025-03-28 15:53:52
-OMQxJ3A-dn8oqSed5P3,-6.58,6.47,0.45,-0.03,-0.03,-0.09,55.55,100353.23,2025-03-28T08:53:58.095222,35.41,2025-03-28 15:53:57
-OMQxKHS4ahGtv4NEYAy,-6.67,6.42,0.4,-0.04,-0.02,-0.04,55.49,100351.34,2025-03-28T08:54:03.106000,35.57,2025-03-28 15:54:02
-OMQxLVVKH4uViiBDA9_,-9,-3.18,-1.71,1.11,0.64,0.45,55.33,100349.55,2025-03-28T08:54:08.104775,35.72,2025-03-28 15:54:07
-OMQxMj0VvR-4fA-ydoA,3.15,-8.33,6.05,0.46,-0.63,-0.79,55.12,100354.62,2025-03-28T08:54:13.124668,35.83,2025-03-28 15:54:12
-OMQxNwtzl-06TltWmZK,9.71,0.28,1.13,0.94,-0.3,0.36,54.82,100351.39,2025-03-28T08:54:18.115062,35.97,2025-03-28 15:54:17
-OMQxPALa9h8R4dQyFz0,8.25,-2.49,3.64,-0.84,-0.12,-0.71,54.56,100346.85,2025-03-28T08:54:23.133740,36.06,2025-03-28 15:54:22
-OMQxQOo0zE4h_gFA-M7,9.79,1.24,2.74,-0.11,-0.17,-0.04,54.36,100341.41,2025-03-28T08:54:28.153800,36.19,2025-03-28 15:54:27
-OMQxRby2deVFHDdsRTL,1.3,3.22,9.03,0.44,0.33,0.4,54.19,100346.15,2025-03-28T08:54:33.141800,36.3,2025-03-28 15:54:32
-OMQxSqR9-5-7j8Xbs6h,-2.39,3.16,6.94,-0.44,-0.14,0.34,53.99,100341.51,2025-03-28T08:54:38.168103,36.43,2025-03-28 15:54:37
-OMQxU3KRmdCI7S2RCNf,6,1.5,3.37,-1.22,-0.01,-1.86,53.85,100340.64,2025-03-28T08:54:43.160666,36.52,2025-03-28 15:54:42
-OMQxVHdDZ9RyWixACO1,5.43,0.91,6.92,0.21,-0.85,2.01,53.72,100343.53,2025-03-28T08:54:48.175168,36.65,2025-03-28 15:54:47
-OMQxWVmiaC7C2_ZzcJ0,-1.12,-0.33,-1.63,3.51,3.34,-3.15,53.57,100328.59,2025-03-28T08:54:53.178204,36.68,2025-03-28 15:54:52
-OMQxXjNfOLEUNAnWCBr,-7.6,-2.83,-6.17,-0.01,1.05,-0.47,53.37,100342.77,2025-03-28T08:54:58.201613,36.74,2025-03-28 15:54:57
-OMQxYxHaijmV8KUErkO,8.19,-3.38,-1.25,-0.17,-0.33,-0.78,53.04,100346.55,2025-03-28T08:55:03.188072,36.85,2025-03-28 15:55:02
-OMQx_ARiwpJfmKSsnEM,11.03,-0.34,-3.6,-2.05,0.95,1.13,52.74,100336.99,2025-03-28T08:55:08.199173,36.97,2025-03-28 15:55:07
-OMQxaOc5UgCG8nEUfMK,9.13,-1.06,-3.26,0.3,0.56,-0.42,52.68,100325.62,2025-03-28T08:55:13.204083,37.07,2025-03-28 15:55:12
-OMQxbbtLVWraIlT5Vgb,-6.04,-4.33,-9.12,-3.74,-4.37,4.37,52.65,100313.38,2025-03-28T08:55:18.216088,37.12,2025-03-28 15:55:17
-OMQxcq7nG2K0JFBnon0,0.63,3.73,8.13,-0.03,0,-0.04,50.94,100323.43,2025-03-28T08:55:23.213180,37.32,2025-03-28 15:55:22
-OMQxe3oqU2LbaB_XewG,-5,5.57,14.31,0.6,-0.34,-2.71,49.76,100320.59,2025-03-28T08:55:28.244915,37.45,2025-03-28 15:55:27
-OMQxfHk5kuOEWw8HZUp,-4.37,8.47,3.16,-0.58,-0.06,0.68,50.46,100302.31,2025-03-28T08:55:33.237813,37.5,2025-03-28 15:55:33
-OMQxgVrY346Bxfo-WeB,4,0.92,-10.1,-0.32,2.37,0.76,51.87,100301.59,2025-03-28T08:55:38.237321,37.65,2025-03-28 15:55:38
-OMQxhjGTPPMLoowS1Wt,-9.16,-3.28,-3.12,-0.48,0.59,-0.01,51.01,100324.21,2025-03-28T08:55:43.258184,37.69,2025-03-28 15:55:43
-OMQxixF4hHt0PdxNKfu,-8.1,0.87,6.37,-0.63,-0.08,0.38,49.64,100316.16,2025-03-28T08:55:48.255784,37.78,2025-03-28 15:55:48
-OMQxkA__xtaUsPT2vy_,-1.67,1.96,7.95,-0.38,0.07,0.36,51.57,100296.17,2025-03-28T08:55:53.258640,37.92,2025-03-28 15:55:53
-OMQxlOuS7vdwdvdOU8K,-4.81,6.17,4.78,-0.79,1.76,-1.28,51.2,100297.12,2025-03-28T08:55:58.273800,38.03,2025-03-28 15:55:58
-OMQxmcXJFQJPxFrSU31,7.61,-1.37,-7.64,-0.03,-0.01,-0.04,51.4,100323.2,2025-03-28T08:56:03.287129,38.09,2025-03-28 15:56:03
-OMQxnqJY38_-qvw_5Gk,-11.51,-1.97,-6.46,-4.37,-3.04,4.37,50.54,100350.41,2025-03-28T08:56:08.285786,38.11,2025-03-28 15:56:08
-OMQxp3uWPlnjS-yutGW,12.74,2.02,0.82,-0.55,0.09,0.2,50.99,100313.31,2025-03-28T08:56:13.316043,38.11,2025-03-28 15:56:13
-OMQxqHnmpZxukcCiGwF,-8.18,-0.28,-6.62,0.82,2.01,-0.81,50.67,100299.61,2025-03-28T08:56:18.299407,38.27,2025-03-28 15:56:18
-OMQxrW-z1YP22gTAGly,-2.24,-1.95,-7.59,0.23,-0.65,0.91,49.4,100299.31,2025-03-28T08:56:23.307797,38.31,2025-03-28 15:56:23
-OMQxt6N9P8JDG11-DIu,5.14,0.32,6.7,0.63,-0.06,-0.4,50.61,100302.17,2025-03-28T08:56:29.847858,38.47,2025-03-28 15:56:28
-OMQxtxwOuZOS9ZpFa-t,-8.08,1.51,5.28,-0.83,-0.9,-0.92,49.54,100300.81,2025-03-28T08:56:33.355623,38.56,2025-03-28 15:56:33
-OMQxvAnzL8rjFZ9T7Jr,-7.11,3.79,3.14,0.2,-0.13,-0.22,49.69,100302.86,2025-03-28T08:56:38.333922,38.73,2025-03-28 15:56:38
-OMQxwP8pd6GMq-n8lhv,-8.27,2.43,2.39,-0.09,-0.03,-0.13,49.52,100299.58,2025-03-28T08:56:43.347593,38.89,2025-03-28 15:56:43
-OMQxxcPNaIzhvnvkPY3,-9.24,-1.54,1.26,0.05,0.19,0.09,49.53,100306.12,2025-03-28T08:56:48.355518,39.02,2025-03-28 15:56:48
-OMQxyqyJ04etiAVFu-t,-1.35,-4.31,-9.56,-0.05,-0.02,-0.17,50.89,100347.27,2025-03-28T08:56:53.376652,39.05,2025-03-28 15:56:53
-OMQy-4UPbCeGI26PdrJ,-1.28,-2.81,-8.24,-0.92,0.24,-0.17,50.1,100350.67,2025-03-28T08:56:58.408347,39.2,2025-03-28 15:56:58
-OMQy0IoW0HVDUYAUs9Q,-0.1,-4.08,-9.71,-0.66,0.47,-0.22,49.86,100358.94,2025-03-28T08:57:03.395391,39.33,2025-03-28 15:57:03
-OMQy1Wrix5I9DQI9jWH,0.03,-4.21,-10.27,-0.24,0.01,-1.15,49.75,100353.39,2025-03-28T08:57:08.407492,39.47,2025-03-28 15:57:08
-OMQy2jZhkdMbU2YH-oz,1.22,-2.99,-8.85,-0.31,0.94,0.48,49.27,100334.16,2025-03-28T08:57:13.387850,39.64,2025-03-28 15:57:13
-OMQy3yHTetGXk39Z61a,1.58,-4.68,-12.2,0.28,-0.1,-0.34,49.06,100326.22,2025-03-28T08:57:18.427795,39.8,2025-03-28 15:57:18
-OMQy5B4DDKZeMXuh_dG,1.03,1.42,-10.33,0.22,-0.16,0.34,48.71,100309.06,2025-03-28T08:57:23.404025,39.91,2025-03-28 15:57:23
-OMQy6PXUSHYO23ihVT8,-3.53,-0.83,-11.97,0.15,-1.62,-1.46,50.1,100300.64,2025-03-28T08:57:28.425419,39.91,2025-03-28 15:57:28
-OMQy7cWXTi3u1ETp7k5,-9.7,-0.04,-5.54,0.03,-0.74,0.82,49.85,100302.41,2025-03-28T08:57:33.411395,40.02,2025-03-28 15:57:33
-OMQy8qxR_FvneZEiyhv,-8.94,-2.39,-2.63,0.18,0.52,-0.28,50.01,100296.8,2025-03-28T08:57:38.441811,40.22,2025-03-28 15:57:38
-OMQyA4JladWVlSfN7hJ,-3.7,-8.17,2,-0.38,1.23,0.08,50.2,100295.48,2025-03-28T08:57:43.441597,40.27,2025-03-28 15:57:43
-OMQyBI2T8Y2PgYOmelJ,-2.91,-8.89,-0.19,0.36,0.31,0.06,49.88,100295.86,2025-03-28T08:57:48.431585,40.27,2025-03-28 15:57:48
-OMQyCWAAvN3qIl5xn58,-2.07,-6.74,2.84,0.73,1.27,-0.52,49.8,100293.41,2025-03-28T08:57:53.432742,40.37,2025-03-28 15:57:53
-OMQyDk4POh0MasINcpF,-1.99,-10.37,3.19,0.3,-0.09,-0.04,49.74,100289.91,2025-03-28T08:57:58.477764,40.48,2025-03-28 15:57:58
-OMQyEy51pcsUBYVwqR7,-0.87,-11.07,2.04,-0.19,0.04,-0.49,49.67,100295.41,2025-03-28T08:58:03.469227,40.42,2025-03-28 15:58:03
-OMQyGBGkpS1aCFS5Y2S,-1.29,-6.8,1.04,1.34,0.4,-1.49,49.63,100294.66,2025-03-28T08:58:08.474641,40.53,2025-03-28 15:58:08
-OMQyHPHEBRQK_RhMv_T,-3.52,-8.49,2.77,0.04,0.01,-0.07,49.5,100290.58,2025-03-28T08:58:13.468943,40.6,2025-03-28 15:58:13
-OMQyIcgJQgK7gjyK34o,-1.86,-9.38,0.65,-0.3,0.64,0.32,49.49,100289.27,2025-03-28T08:58:18.480356,40.68,2025-03-28 15:58:18
-OMQyJr-9O_-83HNrowD,-3.45,-7.81,1.55,0.63,3.16,-0.84,49.41,100290.47,2025-03-28T08:58:23.492674,40.75,2025-03-28 15:58:23
-OMQyL48tCYODtgwEB33,-3.53,-9.56,1.62,0.93,0.36,-0.62,49.25,100293.94,2025-03-28T08:58:28.495695,40.88,2025-03-28 15:58:28
-OMQyMITHTROE0CgpYgg,-5.07,-7.56,-0.05,-0.38,0.67,-0.23,49.15,100292.62,2025-03-28T08:58:33.510916,40.99,2025-03-28 15:58:33
-OMQyNWVFX24CeudCKsA,-2.99,-8.45,-4.41,-0.07,0.02,-0.05,49.14,100251.46,2025-03-28T08:58:38.506878,41.1,2025-03-28 15:58:38
-OMQyOjpFuwtZ327V1OC,-2.13,-9.02,-5.25,0.81,0.4,0.62,49.04,100198.44,2025-03-28T08:58:43.515196,41.13,2025-03-28 15:58:43
-OMQyPxu63HY55OMUCpK,-3.81,-7.72,-5.67,0.24,0.27,-0.13,48.94,100168.75,2025-03-28T08:58:48.516254,41.22,2025-03-28 15:58:48
-OMQyRBIRlRMrsQepjyA,-13.03,2.8,1.32,1.84,-0.46,-1.28,47.29,100175.44,2025-03-28T08:58:53.528858,41.24,2025-03-28 15:58:53
-OMQySPRD6CX94sWfHxs,-7.86,1.71,2.79,1.11,-0.55,-0.67,46.05,100179.2,2025-03-28T08:58:58.536334,41.33,2025-03-28 15:58:58
-OMQyTd8ZQ4GOaOl86eu,-14.99,3.56,-1.69,0.29,-0.18,1.39,46.78,100176.89,2025-03-28T08:59:03.575113,41.39,2025-03-28 15:59:03
-OMQyUqy9THSle6koq3F,-6.13,2.12,4.21,-0.91,1.12,-0.75,47.46,100167.23,2025-03-28T08:59:08.549450,41.57,2025-03-28 15:59:08
-OMQyW3wgdJzdVRA6rC8,-9.62,-4.43,-2.2,-0.77,-0.59,1.01,47.36,100169.11,2025-03-28T08:59:13.550521,41.61,2025-03-28 15:59:13
-OMQyYWhcijtlm6K4clW,-1.2,-9.3,-4.4,-0.06,-0.19,-0.13,45.92,100165.44,2025-03-28T08:59:23.570266,41.77,2025-03-28 15:59:23
-OMQyZjeZOR80JqZT21N,-0.21,-9.89,-4.64,0.16,0.58,0.17,45.8,100168.21,2025-03-28T08:59:28.558062,41.86,2025-03-28 15:59:28
-OMQy_xwIJLefHFDof4t,-11.8,-0.77,-2.51,1.37,0.6,-0.55,47,100175.95,2025-03-28T08:59:33.570347,41.86,2025-03-28 15:59:33
-OMQybBGO6CBCC1AMozQ,-8.33,-1.34,-3.85,0.33,0.37,-0.62,42.64,100195.8,2025-03-28T08:59:38.589988,41.97,2025-03-28 15:59:38
-OMQycPShEEyuqtQfsdp,-11.25,-1,1.31,-0.39,-0.63,0.9,46.65,100173.23,2025-03-28T08:59:43.590976,42.12,2025-03-28 15:59:43
-OMQydd9vVQFvMNI0QI6,-5.81,1.73,1.08,-0.46,-1.26,0.13,46.94,100182.33,2025-03-28T08:59:48.623179,42.23,2025-03-28 15:59:48
-OMQyeqkqAvSs9dX3D8O,-7.5,3.27,2.86,0.14,0.02,0.03,44.85,100184.66,2025-03-28T08:59:53.590645,42.28,2025-03-28 15:59:53
-OMQyg3qVVviuaGYrmMC,-7.2,0.96,5.04,-0.56,0.17,-0.25,42.06,100200.56,2025-03-28T08:59:58.593634,42.43,2025-03-28 15:59:58
-OMQyhIUDNAsee-HCZuB,-5.61,6.48,5.38,0.29,-0.62,-0.72,44.8,100180.59,2025-03-28T09:00:03.610754,42.54,2025-03-28 16:00:03
-OMQyiWb3veJMuVpfqDq,-10.24,0.58,1.35,0.9,1.16,-0.51,45.35,100182.39,2025-03-28T09:00:08.626443,42.65,2025-03-28 16:00:08
-OMQyjlVlXhuvM2JSxR5,-8.45,7.27,3.86,-0.21,-0.59,-1.52,43.37,100203.52,2025-03-28T09:00:13.731909,42.75,2025-03-28 16:00:13
-OMQykxq2apGeUWZJTz3,-4.25,5.66,4.07,-0.5,0.3,-1.55,38.53,100206.17,2025-03-28T09:00:18.621029,42.86,2025-03-28 16:00:18
-OMQymAs0v-cRuKuCDgX,-7.32,1.87,-1.76,0.19,-0.81,-0.39,41.75,100204.09,2025-03-28T09:00:23.620572,43.06,2025-03-28 16:00:23
-OMQynPgl0HJUSevBKZ4,-5.86,2.58,1.6,0.37,0.83,-0.77,46.04,100179.55,2025-03-28T09:00:28.660918,43.12,2025-03-28 16:00:28
-OMQyocdKOXiy59UyHF8,-9.17,1.78,4.17,-0.85,0.36,0.63,43.87,100190.47,2025-03-28T09:00:33.651779,43.21,2025-03-28 16:00:33
-OMQyq6DIQaojGjq-rEz,-6.45,1.18,0.27,-0.61,-1.94,-0.97,45.87,100188.42,2025-03-28T09:00:39.701080,43.27,2025-03-28 16:00:38
-OMQyr7X3bHRLTYVJUBK,-7.08,2.22,2.1,-0.64,-0.27,-0.9,45.98,100195.4,2025-03-28T09:00:43.880439,43.36,2025-03-28 16:00:43
-OMQysIE5yqESktcwWIX,-6.74,-0.27,4.5,0.6,1.34,0.44,45.53,100195.72,2025-03-28T09:00:48.669734,43.45,2025-03-28 16:00:48
-OMQytWpWMd5OrDOnZ88,-2.68,-0.01,-5.99,0.49,0.32,0.78,44.95,100200.2,2025-03-28T09:00:53.690732,43.5,2025-03-28 16:00:53
-OMQyujxAcABRDQ3BF5-,-0.82,-8.73,-10.06,4.37,4.37,-4.37,44.67,100213.98,2025-03-28T09:00:58.689815,43.21,2025-03-28 16:00:58
-OMQyvs3RdDDSUqMFd1J,2.51,0.44,8.52,-0.02,0.17,-0.07,44.95,100230.52,2025-03-28T09:01:03.308348,43.03,2025-03-28 16:01:03
-OMQyx5TUYORWJLKsNsA,-8.05,1.95,-4.69,-1.31,-0.72,-3.9,44.54,100227.73,2025-03-28T09:01:08.324093,42.85,2025-03-28 16:01:08
-OMQyyKVwdcAT8wUfcGf,-3.48,-1.85,8.05,-0.03,-0.01,-0.04,44.06,100243.27,2025-03-28T09:01:13.387852,42.85,2025-03-28 16:01:13
-OMQyzXtwm9L-oAxMAmd,7.17,8.41,-13.55,-2.4,4.37,-3.24,44.58,100250.84,2025-03-28T09:01:18.333496,41.99,2025-03-28 16:01:18
-OMQz-lFDTEqyyiGCx5m,-8.86,-2.4,6.49,0.88,-2.58,0.59,43.5,100260.45,2025-03-28T09:01:23.353499,41.77,2025-03-28 16:01:23
-OMQz14kXugi3KoMsmTZ,7.28,3.83,4.98,-0.03,0,-0.03,38.82,100269.31,2025-03-28T09:01:28.754106,42.04,2025-03-28 16:01:28
-OMQz2CwuhRmLfQlkVyi,4.52,2.72,0.32,-1.62,1.4,-1.91,45.41,100241.57,2025-03-28T09:01:33.364509,42.24,2025-03-28 16:01:33
-OMQz3R5xB3mastaoKL0,-9.57,-2.38,4.13,1.28,-0.96,-0.14,45.42,100255.12,2025-03-28T09:01:38.384577,41.97,2025-03-28 16:01:38
-OMQz4eCzi5zN2bTSboW,5.68,0.2,-12.39,-0.69,1.19,-0.71,45.59,100246.37,2025-03-28T09:01:43.374022,42.04,2025-03-28 16:01:43
-OMQz5tElEzS2GpDYDeZ,2.51,0.06,9.2,1.45,0.51,-1.95,45.56,100245.07,2025-03-28T09:01:48.444146,42.21,2025-03-28 16:01:48
-OMQz76P5i3F32dfRnby,3.45,7.08,7.82,0.69,-0.03,1.39,44.71,100278.32,2025-03-28T09:01:53.444039,42.01,2025-03-28 16:01:53
-OMQz8JhI3qkLXUDE4-a,2.61,-1.18,-10.78,-0.01,0,-0.05,45.58,100285.19,2025-03-28T09:01:58.394328,41.97,2025-03-28 16:01:58
-OMQz9Y5QSuiSpDZoNuS,-2.38,6.4,-6.07,2.48,4.37,4.37,44.36,100273.34,2025-03-28T09:02:03.409470,42.1,2025-03-28 16:02:03
-OMQzAlgqdJWixzxb2oi,6.49,2.15,5.99,0,-0.01,-0.04,42.91,100303.05,2025-03-28T09:02:08.434833,42.35,2025-03-28 16:02:08
-OMQzBzhp4oES6uH1vtK,-4.88,7.75,19.61,-0.18,-4.37,-2.05,44.21,100299.47,2025-03-28T09:02:13.425209,42.04,2025-03-28 16:02:13
-OMQzEdN0zelw59Qd39y,8.12,1.81,-6.76,1.13,-0.43,-0.2,44.95,100307.38,2025-03-28T09:02:24.283092,41.84,2025-03-28 16:02:18
-OMQzEhIhMFaGdE-PIB1,9.31,2.26,-2.94,-0.49,0.45,0.01,45.7,100303.98,2025-03-28T09:02:24.534927,41.57,2025-03-28 16:02:23
-OMQzFk2dX4T3DqCe7mm,6.1,-4.74,-3.03,0.39,0.68,-1.12,45.92,100301.74,2025-03-28T09:02:28.814021,41.53,2025-03-28 16:02:28
-OMQzGsOF_vDc3OyEpVK,6.01,-8.9,-2.37,-2.88,2.29,1.24,46.07,100303.72,2025-03-28T09:02:33.447603,41.5,2025-03-28 16:02:33
-OMQzI5Yi4DY8GDBmhsY,-6.98,1.96,2.65,0.57,2.25,0.56,46.1,100304.98,2025-03-28T09:02:38.441568,41.31,2025-03-28 16:02:38
-OMQzJK6czzy0Ap5shDe,-0.44,4.91,5.14,0.59,0,-2,45.97,100301.53,2025-03-28T09:02:43.461884,40.93,2025-03-28 16:02:43
-OMQzKY3QfW5B37a7DhN,7.36,8.08,-4.02,-0.2,0.09,-0.17,46.4,100306.17,2025-03-28T09:02:48.458992,40.8,2025-03-28 16:02:48
-OMQzLlGWlb3d9jASWac,-0.99,-0.93,8.51,-0.01,0.01,-0.03,46.49,100322.18,2025-03-28T09:02:53.468791,40.84,2025-03-28 16:02:53
-OMQzMzH-w-Dl1MLJdUC,0.45,-6.68,-7.15,0.94,2.89,-0.12,46.32,100325.54,2025-03-28T09:02:58.460843,40.89,2025-03-28 16:02:58
-OMR-u9QhGkbJOwUBcxQ,-4.47,6.88,4.93,0.06,0.42,-0.01,64.31,100353.72,2025-03-28T09:09:40.519461,30.68,2025-03-28 16:09:40
-OMR-vJeUKYX9La2JSrS,-6.22,6.36,2.53,0.01,-0.2,-0.06,63.37,100348.41,2025-03-28T09:09:45.325691,30.47,2025-03-28 16:09:45
-OMR-wY97YjjpyCdjZDX,-1.1,2.2,8.75,-0.64,0.16,-1.04,63,100349.36,2025-03-28T09:09:50.343972,30.58,2025-03-28 16:09:50
